Date	Open	High	Low	Close	Adj Close	Volume
2016-01-04	54.400002	55.220001	53.98	55.139998999999996	52.135754	2637500
2016-01-05	55.310001	55.700001	54.419998	54.549999	51.577908	2345300
2016-01-06	53.759997999999996	54.209998999999996	53.029999	53.389998999999996	50.481106	2288400
2016-01-07	52.310001	52.560001	51.580002	51.799999	48.977737	2301400
2016-01-08	52.080002	52.240002000000004	51.189999	51.310001	48.514431	1841500
2016-01-11	51.599998	51.93	50.939999	51.48	48.675171	2206300
2016-01-12	52.040001000000004	52.610001000000004	51.41	52.32	49.469402	2044900
2016-01-13	52.709998999999996	52.98	51.32	51.389998999999996	48.590069	2909100
2016-01-14	51.540001000000004	52.41	50.599998	52.060001	49.223576	1915300
2016-01-15	50.619999	52.029999	50.560001	51.740002000000004	48.921001000000004	2525200
2016-01-19	52.369999	52.560001	50.029999	50.580002	47.824211	3519200
2016-01-20	49.939999	49.939999	47.080002	48.919998	46.25465	4184900
2016-01-21	49.080002	49.68	48.049999	48.830002	46.169559	3168700
2016-01-22	49.41	50.82	49.32	50.459998999999996	47.710743	1786500
2016-01-25	50.049999	50.43	48.759997999999996	48.82	46.160099	2704200
2016-01-26	49.209998999999996	50.669998	48.990002000000004	50.59	47.833664	2317400
2016-01-27	50.360001000000004	51.060001	49.68	50.02	47.29472	2421000
2016-01-28	50.970001	51.060001	49.509997999999996	49.950001	47.228535	2425100
2016-01-29	50.450001	51.52	50.240002000000004	51.470001	48.665718	2522600
2016-02-01	50.91	51.110001000000004	49.860001000000004	50.91	48.136227000000005	1670000
2016-02-02	50.259997999999996	50.259997999999996	48.490002000000004	48.799999	46.141182	3280800
2016-02-03	49.029999	50.290001000000004	48.240002000000004	49.950001	47.228535	3195300
2016-02-04	49.779999	51.919998	49.689999	51.299999	48.504982	2772500
2016-02-05	51.299999	52.07	50.919998	51.34	48.542792999999996	3152300
2016-02-08	50.23	50.310001	48.959998999999996	49.459998999999996	46.765228	3417500
2016-02-09	50.490002000000004	51.549999	49.290001000000004	50.150002	47.417637	3698000
2016-02-10	49.91	50.57	49.439999	49.549999	46.850327	2366300
2016-02-11	48.630001	49.610001000000004	48.310001	48.990002000000004	46.320839	2140200
2016-02-12	49.630001	51.450001	49.080002	51.32	48.523895	6507300
2016-02-16	51.990002000000004	51.990002000000004	50.98	51.740002000000004	48.921001000000004	3221900
2016-02-17	52.349998	53.540001000000004	52.110001000000004	52.450001	49.592323	2996000
2016-02-18	52.630001	52.779999	51.919998	52.099998	49.261390999999996	2145200
2016-02-19	52.07	52.07	51.32	52.02	49.185745000000004	1387100
2016-02-22	52.02	53.759997999999996	52.02	53.700001	50.774223	2185600
2016-02-23	53.650002	54.869999	53.330002	53.419998	50.509471999999995	2619100
2016-02-24	52.709998999999996	55.630001	52.310001	55.450001	52.428875	4893500
2016-02-25	55.560001	56.490002000000004	55.049999	56.490002000000004	53.412209	2681900
2016-02-26	56.75	57.0	56.049999	56.549999	53.468937	2421400
2016-02-29	56.59	56.740002000000004	55.529999	55.560001	52.532883	2709300
2016-03-01	56.18	57.279999	55.509997999999996	57.099998	53.98896800000001	2260200
2016-03-02	56.75	57.23	56.610001000000004	57.23	54.111889	1676900
2016-03-03	57.150002	58.060001	57.060001	57.57	54.433361	1742500
2016-03-04	57.389998999999996	57.900002	56.950001	57.43	54.30099499999999	1938600
2016-03-07	57.52	58.779999	57.52	58.310001	55.133049	2496900
2016-03-08	58.0	58.169998	56.889998999999996	57.200001	54.083527000000004	2266000
2016-03-09	57.220001	57.549999	56.98	57.310001	54.492385999999996	1384000
2016-03-10	57.52	57.709998999999996	56.73	57.41	54.587470999999994	2345500
2016-03-11	58.139998999999996	58.959998999999996	58.060001	58.790001000000004	55.899623999999996	1901500
2016-03-14	59.509997999999996	59.59	58.860001000000004	59.099998	56.194382	1790000
2016-03-15	58.68	58.68	57.889998999999996	58.639998999999996	55.756995999999994	1875800
2016-03-16	58.639998999999996	59.389998999999996	58.25	59.220001	56.308475	1639300
2016-03-17	59.209998999999996	61.009997999999996	59.080002	61.0	58.000965	3406800
2016-03-18	61.060001	61.799999	60.740002000000004	61.689999	58.657043	4133000
2016-03-21	61.310001	61.959998999999996	61.16	61.950001	58.904263	2305700
2016-03-22	61.490002000000004	61.970001	61.299999	61.57	58.54294599999999	2088000
2016-03-23	61.5	61.689999	60.810001	61.41	58.390812	1924500
2016-03-24	60.75	61.360001000000004	60.630001	61.279999	58.267196999999996	1811900
2016-03-28	60.52	61.330002	60.360001000000004	61.279999	58.267196999999996	1959500
2016-03-29	61.0	62.23	60.549999	62.07	59.018356000000004	2210900
2016-03-30	62.349998	62.48	61.77	62.07	59.018356000000004	1755900
2016-03-31	62.049999	62.23	61.759997999999996	62.009997999999996	58.961307999999995	1720700
2016-04-01	61.290001000000004	62.209998999999996	60.869999	62.080002	59.02786999999999	1870800
2016-04-04	61.959998999999996	62.040001000000004	61.290001000000004	61.43	58.409828000000005	1624500
2016-04-05	60.77	60.860001000000004	60.009997999999996	60.150002	57.19275699999999	2517200
2016-04-06	60.299999	60.299999	59.169998	59.880001	56.93603100000001	1645100
2016-04-07	59.630001	60.279999	59.360001000000004	59.599998	56.6698	1389000
2016-04-08	60.130001	61.23	60.09	60.349998	57.382918999999994	1814600
2016-04-11	60.560001	61.279999	60.389998999999996	60.650002	57.668175	1809400
2016-04-12	60.759997999999996	61.66	60.759997999999996	61.450001	58.42884399999999	1310200
2016-04-13	61.959998999999996	63.470001	61.689999	63.330002	60.216412	1732500
2016-04-14	63.93	63.93	63.18	63.68	60.549202	1496500
2016-04-15	63.720001	64.089996	63.400002	63.77	60.634781000000004	916400
2016-04-18	63.41	64.089996	63.360001000000004	63.900002	60.758389	1098900
2016-04-19	64.400002	64.5	63.599998	63.880001	60.739376	1248100
2016-04-20	63.93	64.099998	63.419998	63.619999	60.492149	1393900
2016-04-21	63.700001	64.309998	63.41	63.529999	60.406578	1104700
2016-04-22	63.709998999999996	64.470001	63.560001	64.440002	61.271846999999994	1389700
2016-04-25	64.07	64.300003	63.459998999999996	64.029999	60.882	2077900
2016-04-26	67.059998	67.480003	65.059998	65.389999	62.17514	4098200
2016-04-27	65.559998	66.300003	65.290001	66.059998	62.812194999999996	2233400
2016-04-28	65.760002	66.41999799999999	65.18	65.33000200000001	62.118092000000004	1850900
2016-04-29	65.120003	65.800003	64.949997	65.540001	62.31776800000001	2454400
2016-05-02	65.870003	66.550003	65.290001	66.139999	62.888268000000004	1985800
2016-05-03	65.57	66.120003	65.150002	66.0	62.75515	1595100
2016-05-04	65.57	65.739998	64.529999	64.849998	61.661685999999996	1691100
2016-05-05	65.18	65.529999	64.559998	64.849998	61.661685999999996	1649700
2016-05-06	64.660004	65.57	64.589996	65.529999	62.30825	1265800
2016-05-09	65.290001	65.519997	64.970001	65.25	62.042030000000004	1299700
2016-05-10	65.660004	66.449997	65.360001	66.339996	63.078430000000004	1295500
2016-05-11	66.199997	66.849998	65.839996	65.940002	62.698105000000005	1626900
2016-05-12	66.279999	66.489998	65.349998	65.91999799999999	62.679072999999995	1268400
2016-05-13	65.720001	66.32	65.160004	65.589996	62.365299	1627100
2016-05-16	65.870003	66.709999	65.870003	66.33000200000001	63.06892	2106700
2016-05-17	66.190002	66.660004	65.41999799999999	65.629997	62.403339	1632600
2016-05-18	65.449997	66.110001	64.730003	65.199997	61.994476	1979100
2016-05-19	64.739998	64.839996	63.689999	64.010002	60.862984	2587000
2016-05-20	64.470001	64.949997	64.18	64.199997	61.04364	1714600
2016-05-23	64.239998	64.779999	63.759997999999996	64.58000200000001	61.404961	1006100
2016-05-24	65.029999	65.82	64.889999	65.550003	62.327273999999996	999100
2016-05-25	65.980003	66.58000200000001	65.93	66.290001	63.030891000000004	1254600
2016-05-26	66.510002	66.940002	66.18	66.279999	63.021378000000006	1113900
2016-05-27	66.290001	66.610001	65.870003	66.480003	63.211552000000005	1426500
2016-05-31	66.540001	66.959999	66.300003	66.809998	63.525332999999996	1842800
2016-06-01	66.349998	66.58000200000001	65.160004	66.5	63.23055600000001	1626500
2016-06-02	66.220001	66.57	66.010002	66.57	63.297115000000005	913600
2016-06-03	66.269997	66.41999799999999	65.349998	65.800003	62.564983	1658600
2016-06-06	65.940002	66.08000200000001	65.239998	65.900002	62.66006899999999	3541400
2016-06-07	66.110001	66.650002	65.529999	65.839996	62.603007999999996	2114200
2016-06-08	65.800003	66.199997	65.559998	65.839996	62.90876	1370000
2016-06-09	65.410004	65.760002	65.160004	65.690002	62.765446	971300
2016-06-10	65.050003	65.099998	64.08000200000001	64.489998	61.618866000000004	1024500
2016-06-13	64.150002	64.410004	63.549999	63.549999	60.720715000000006	1155000
2016-06-14	63.299999	63.689999	63.0	63.66	60.825825	1592800
2016-06-15	63.869999	64.699997	63.73	64.32	61.456436	2214200
2016-06-16	64.08000200000001	64.629997	63.43	64.550003	61.676201	1376600
2016-06-17	64.66999799999999	65.309998	64.449997	65.139999	62.239937	1873400
2016-06-20	65.989998	66.589996	65.91999799999999	65.970001	63.032978	1348400
2016-06-21	65.93	66.099998	65.360001	65.400002	62.488354	1109500
2016-06-22	65.550003	66.029999	65.190002	65.360001	62.450134	940900
2016-06-23	66.16999799999999	66.309998	65.75	66.290001	63.338730000000005	1065400
2016-06-24	63.349998	64.32	62.790001000000004	62.869999	60.070992000000004	4608000
2016-06-27	62.040001000000004	62.09	59.099998	59.18	56.545273	4309600
2016-06-28	59.950001	60.310001	59.34	60.310001	57.624966	3106000
2016-06-29	61.150002	61.970001	60.580002	61.84	59.086849	2429600
2016-06-30	62.029999	63.709998999999996	61.860001000000004	63.68	60.844925	2963100
2016-07-01	63.77	64.470001	63.43	64.010002	61.16024	1859200
2016-07-05	63.709998999999996	63.779999	62.77	63.080002	60.271648	1767900
2016-07-06	62.77	64.07	62.459998999999996	64.059998	61.208012	2305000
2016-07-07	64.239998	64.989998	64.010002	64.519997	61.647526	1394300
2016-07-08	65.139999	65.860001	65.139999	65.739998	62.813225	1216500
2016-07-11	66.0	66.5	65.870003	65.879997	62.94698	1560100
2016-07-12	66.449997	67.099998	66.32	66.940002	63.959796999999995	1474600
2016-07-13	66.980003	67.550003	66.779999	67.519997	64.513962	1574400
2016-07-14	68.010002	68.620003	67.910004	68.010002	64.982162	1620800
2016-07-15	68.33000200000001	68.610001	67.900002	67.940002	64.915276	1556900
2016-07-18	67.690002	67.690002	65.760002	67.129997	64.141335	2760300
2016-07-19	66.839996	67.110001	66.519997	67.110001	64.12222299999999	1188000
2016-07-20	67.33000200000001	67.779999	66.769997	67.529999	64.523537	985800
2016-07-21	67.410004	67.68	66.879997	67.010002	64.02668	1866500
2016-07-22	66.779999	67.760002	66.57	67.720001	64.705055	1153300
2016-07-25	67.449997	67.940002	67.120003	67.860001	64.838821	1223200
2016-07-26	67.82	68.239998	67.400002	68.16999799999999	65.13503299999999	2585400
2016-07-27	64.400002	66.379997	64.400002	65.620003	62.698558999999996	4489000
2016-07-28	65.660004	66.639999	65.440002	66.459999	63.501171	3118500
2016-07-29	66.400002	66.629997	66.190002	66.260002	63.310078000000004	2445400
2016-08-01	66.389999	66.809998	65.839996	66.370003	63.41516899999999	2114100
2016-08-02	66.300003	66.599998	65.940002	66.309998	63.357838	2665000
2016-08-03	66.290001	67.800003	66.290001	67.339996	64.34198	2589200
2016-08-04	67.480003	68.690002	67.379997	67.790001	64.77195	1940600
2016-08-05	67.970001	68.489998	67.970001	68.349998	65.30703000000001	1625000
2016-08-08	68.349998	68.550003	67.629997	67.769997	64.752838	1953600
2016-08-09	67.989998	68.269997	67.720001	68.160004	65.125473	1671700
2016-08-10	68.290001	68.550003	67.660004	67.82	64.800613	1242400
2016-08-11	68.16999799999999	68.610001	68.099998	68.339996	65.29744699999999	990300
2016-08-12	68.040001	68.230003	67.5	68.0	64.972595	1337300
2016-08-15	68.379997	68.519997	68.160004	68.300003	65.25923900000001	1843300
2016-08-16	68.010002	68.16999799999999	67.379997	67.389999	64.38975500000001	1387200
2016-08-17	67.400002	67.529999	66.959999	67.260002	64.265541	2915400
2016-08-18	67.300003	67.5	67.150002	67.269997	64.275101	1785600
2016-08-19	67.16999799999999	67.66999799999999	67.099998	67.440002	64.437531	1541500
2016-08-22	67.379997	67.43	66.970001	67.209999	64.217773	1199000
2016-08-23	67.480003	68.099998	67.480003	67.889999	64.867508	919700
2016-08-24	67.910004	67.959999	67.41999799999999	67.550003	64.542633	976600
2016-08-25	67.440002	68.120003	67.269997	67.790001	64.77195	1168600
2016-08-26	68.019997	68.300003	67.339996	67.639999	64.628624	851200
2016-08-29	67.629997	68.849998	67.440002	68.639999	65.584106	1563000
2016-08-30	68.470001	68.629997	68.0	68.209999	65.17325600000001	1214200
2016-08-31	68.0	68.120003	67.709999	67.989998	64.963036	1506800
2016-09-01	67.980003	68.230003	67.160004	68.160004	65.125473	1478600
2016-09-02	68.510002	68.970001	68.139999	68.529999	65.479012	1076100
2016-09-06	68.459999	68.459999	66.589996	66.83000200000001	63.854691	2113600
2016-09-07	66.440002	67.190002	66.300003	67.099998	64.42113499999999	1229400
2016-09-08	67.019997	67.589996	66.769997	67.410004	64.718765	1681200
2016-09-09	66.279999	66.33000200000001	63.049999	63.099998	60.580833	5552700
2016-09-12	62.630001	65.41999799999999	62.400002	65.309998	62.702602	3828400
2016-09-13	64.519997	64.769997	63.639998999999996	63.779999	61.233681000000004	1840800
2016-09-14	63.799999	64.120003	63.310001	63.73	61.185677	1920400
2016-09-15	63.560001	63.990002000000004	63.290001000000004	63.830002	61.281689	2877600
2016-09-16	63.43	63.48	62.970001	63.310001	60.78244399999999	2462200
2016-09-19	63.849998	64.589996	63.669998	64.019997	61.464096	1679900
2016-09-20	64.660004	64.940002	63.959998999999996	64.059998	61.502506000000004	1763000
2016-09-21	64.410004	65.57	64.199997	65.519997	62.904208999999994	1812900
2016-09-22	66.150002	66.589996	65.66999799999999	66.050003	63.413063	2294000
2016-09-23	65.58000200000001	65.58000200000001	64.58000200000001	64.650002	62.068954000000005	2248500
2016-09-26	64.459999	65.629997	64.389999	65.389999	62.779410999999996	2376800
2016-09-27	65.18	66.779999	64.839996	66.690002	64.027512	3012400
2016-09-28	66.709999	67.599998	66.709999	67.489998	64.79557	2314400
2016-09-29	67.25	68.230003	66.93	67.099998	64.42113499999999	2384700
2016-09-30	67.309998	68.220001	67.260002	67.940002	65.22760799999999	2132600
2016-10-03	67.529999	68.269997	67.489998	67.739998	65.035583	1358800
2016-10-04	67.83000200000001	68.019997	66.900002	66.989998	64.315529	1700300
2016-10-05	67.449997	67.809998	67.08000200000001	67.559998	64.862778	1595800
2016-10-06	67.610001	68.82	67.610001	68.779999	66.03407299999999	1453000
2016-10-07	68.68	68.68	67.309998	67.449997	64.757164	1927700
2016-10-10	67.790001	68.010002	66.93	67.220001	64.536346	830900
2016-10-11	66.269997	66.68	64.58000200000001	64.779999	62.19376	3704000
2016-10-12	64.849998	66.190002	64.790001	65.91999799999999	63.288245999999994	1966100
2016-10-13	65.389999	65.599998	64.849998	65.389999	62.779410999999996	2162300
2016-10-14	65.709999	66.389999	65.589996	65.790001	63.163433	1391400
2016-10-17	65.900002	66.139999	65.08000200000001	65.269997	62.66419200000001	1769300
2016-10-18	65.900002	66.040001	64.940002	64.959999	62.366569999999996	1339600
2016-10-19	65.040001	65.809998	64.599998	65.43	62.817809999999994	1558000
2016-10-20	65.25	66.389999	65.18	65.809998	63.182632	2280600
2016-10-21	65.110001	65.970001	64.760002	65.760002	63.134631999999996	1283000
2016-10-24	66.25	67.08000200000001	65.489998	65.790001	63.163433	2269800
2016-10-25	65.610001	65.610001	64.239998	64.599998	62.020939	3100200
2016-10-26	66.16999799999999	66.860001	63.869999	66.33000200000001	63.681889	4467300
2016-10-27	66.800003	67.339996	66.029999	67.040001	64.36353299999999	3668700
2016-10-28	67.07	67.989998	66.519997	66.949997	64.27713	2497100
2016-10-31	67.360001	67.989998	66.970001	67.290001	64.603554	2280300
2016-11-01	67.489998	68.0	66.83000200000001	67.32	64.632347	2805500
2016-11-02	67.349998	67.57	66.839996	67.290001	64.603554	2485800
2016-11-03	67.41999799999999	67.66999799999999	66.809998	66.989998	64.315529	2303300
2016-11-04	67.040001	69.370003	67.040001	68.75	66.00524899999999	3470900
2016-11-07	69.779999	70.779999	69.589996	70.720001	67.896606	3316000
2016-11-08	70.57	72.360001	70.400002	71.870003	69.00071	3008300
2016-11-09	71.57	74.709999	71.32	74.260002	71.295288	4452000
2016-11-10	74.83000200000001	75.900002	74.75	75.720001	72.696999	3460600
2016-11-11	75.16999799999999	75.889999	75.150002	75.83000200000001	72.80259699999999	2367700
2016-11-14	76.089996	76.449997	74.82	75.07	72.07294499999999	4382500
2016-11-15	75.129997	75.940002	74.610001	75.91999799999999	72.88900799999999	2972900
2016-11-16	75.099998	75.779999	74.739998	75.230003	72.226563	1891800
2016-11-17	75.239998	75.440002	74.529999	74.68	71.69851700000001	2215900
2016-11-18	74.459999	74.720001	74.129997	74.459999	71.487297	1853700
2016-11-21	74.849998	75.33000200000001	74.489998	75.110001	72.111351	1710100
2016-11-22	75.389999	75.760002	75.220001	75.620003	72.600983	1903800
2016-11-23	75.720001	75.879997	75.400002	75.58000200000001	72.562584	1228000
2016-11-25	75.629997	76.120003	75.379997	76.120003	73.081032	931700
2016-11-28	75.959999	75.959999	74.720001	74.730003	71.74651300000001	1879700
2016-11-29	74.370003	75.400002	74.25	75.059998	72.063354	1976000
2016-11-30	75.599998	76.309998	74.540001	74.540001	71.56411	1999600
2016-12-01	75.010002	75.110001	74.029999	74.589996	71.612122	3347700
2016-12-02	74.66999799999999	74.769997	74.019997	74.5	71.525696	2508200
2016-12-05	74.900002	75.400002	74.610001	74.889999	71.900131	2093000
2016-12-06	74.980003	75.93	74.91999799999999	75.910004	72.879425	1635500
2016-12-07	75.699997	78.029999	75.58000200000001	78.0	75.282669	2179800
2016-12-08	77.800003	79.040001	77.800003	78.75	76.006546	2293200
2016-12-09	78.529999	79.0	77.639999	78.449997	75.71698	1860300
2016-12-12	78.449997	78.730003	77.629997	77.75	75.041374	1404600
2016-12-13	78.110001	78.379997	77.190002	77.839996	75.128227	1755500
2016-12-14	77.440002	79.209999	77.33000200000001	77.68	74.973816	2186700
2016-12-15	77.57	77.83000200000001	76.790001	77.230003	74.53949	2266900
2016-12-16	77.18	77.629997	76.839996	77.139999	74.452629	2651400
2016-12-19	77.139999	77.459999	76.370003	76.959999	74.2789	1236200
2016-12-20	77.470001	77.870003	77.010002	77.290001	74.597397	1202700
2016-12-21	77.389999	77.5	76.66999799999999	76.730003	74.05690799999999	1249700
2016-12-22	76.769997	76.910004	76.160004	76.410004	73.74807	1441500
2016-12-23	76.239998	77.040001	76.129997	76.860001	74.182373	1203400
2016-12-27	77.260002	77.66999799999999	76.800003	77.019997	74.336807	553100
2016-12-28	77.370003	77.790001	75.800003	75.910004	73.265488	1128000
2016-12-29	76.040001	76.300003	75.32	75.57	72.937325	1317700
2016-12-30	75.849998	75.849998	74.760002	75.040001	72.425789	1425000
2017-01-03	75.809998	76.199997	75.150002	75.93	73.28478199999999	2237400
2017-01-04	76.269997	76.68	75.889999	76.120003	73.468163	1116700
2017-01-05	76.0	76.120003	74.349998	75.230003	72.609169	1759100
2017-01-06	75.43	75.540001	74.849998	75.059998	72.445084	2001100
2017-01-09	75.0	75.339996	74.739998	74.900002	72.290665	1529600
2017-01-10	75.150002	76.150002	74.879997	76.010002	73.361992	1604900
2017-01-11	76.410004	77.220001	75.940002	77.160004	74.471939	1880900
2017-01-12	77.050003	77.110001	75.199997	76.639999	73.970047	1637500
2017-01-13	76.900002	77.699997	76.809998	77.269997	74.578094	1049700
2017-01-17	76.779999	77.33000200000001	76.309998	76.589996	73.921776	1455700
2017-01-18	76.889999	77.150002	76.489998	77.139999	74.452629	1592700
2017-01-19	77.260002	78.309998	77.260002	78.25	75.523964	2481800
2017-01-20	78.519997	78.720001	78.150002	78.639999	75.900375	2177900
2017-01-23	78.480003	78.57	77.970001	78.41999799999999	75.68802600000001	1913200
2017-01-24	78.540001	80.279999	78.540001	79.589996	76.817268	2898700
2017-01-25	80.449997	80.870003	80.050003	80.400002	77.599052	3084600
2017-01-26	80.239998	80.709999	80.0	80.16999799999999	77.37706	1933600
2017-01-27	80.440002	80.660004	79.889999	80.0	77.212997	1776700
2017-01-30	79.400002	79.690002	78.66999799999999	79.550003	76.778664	2289500
2017-01-31	79.449997	79.690002	78.379997	79.349998	76.585625	2845600
2017-02-01	77.16999799999999	79.33000200000001	77.0	78.0	75.282669	4180100
2017-02-02	78.0	78.650002	77.510002	78.0	75.282669	2336900
2017-02-03	78.379997	79.059998	78.129997	79.019997	76.267128	1463100
2017-02-06	78.720001	80.0	78.400002	79.910004	77.126129	2439800
2017-02-07	80.010002	80.690002	79.730003	79.849998	77.068214	2136200
2017-02-08	79.699997	80.199997	79.41999799999999	80.08000200000001	77.290215	1701700
2017-02-09	80.08000200000001	81.25	80.08000200000001	80.82	78.004425	1565000
2017-02-10	81.0	81.989998	80.809998	81.190002	78.36153399999999	2810800
2017-02-13	81.449997	82.16999799999999	81.309998	81.980003	79.12400799999999	2730700
2017-02-14	81.760002	81.800003	81.08000200000001	81.66999799999999	78.824814	1723700
2017-02-15	81.58000200000001	81.989998	81.110001	81.620003	78.776558	1914200
2017-02-16	81.66999799999999	81.760002	80.699997	81.099998	78.274658	1996600
2017-02-17	80.910004	81.260002	80.410004	80.989998	78.168488	1700300
2017-02-21	80.940002	81.699997	80.860001	81.510002	78.670387	1497900
2017-02-22	81.07	81.650002	80.82	81.5	78.660736	1793200
2017-02-23	81.980003	82.139999	80.809998	81.239998	78.40979	1508500
2017-02-24	80.66999799999999	81.32	80.16999799999999	81.32	78.487	1484300
2017-02-27	81.300003	81.440002	80.900002	81.040001	78.216759	1573000
2017-02-28	81.029999	81.139999	79.309998	79.360001	76.595299	3102800
2017-03-01	80.43	81.589996	80.43	81.0	78.178154	3027900
2017-03-02	80.849998	80.93	79.900002	80.019997	77.2323	1371000
2017-03-03	80.129997	80.269997	79.18	79.959999	77.174385	1359700
2017-03-06	79.360001	79.660004	79.0	79.339996	76.575981	1673900
2017-03-07	79.290001	79.709999	79.239998	79.589996	76.817268	2161600
2017-03-08	79.220001	79.720001	79.08000200000001	79.16999799999999	76.79786700000001	1660000
2017-03-09	79.230003	79.529999	78.139999	78.599998	76.244949	1274600
2017-03-10	79.260002	79.650002	78.379997	79.489998	77.108284	1291400
2017-03-13	79.489998	79.730003	79.309998	79.660004	77.273193	987600
2017-03-14	79.220001	79.400002	78.639999	79.010002	76.64267	1170300
2017-03-15	79.480003	81.230003	79.230003	80.809998	78.388733	1613400
2017-03-16	81.199997	81.269997	80.150002	80.550003	78.136528	1327100
2017-03-17	80.910004	81.190002	80.300003	80.989998	78.56333199999999	1971600
2017-03-20	81.82	81.949997	80.75	81.260002	78.825249	1580500
2017-03-21	81.559998	81.730003	79.190002	79.360001	76.982185	1674600
2017-03-22	79.279999	79.879997	79.040001	79.620003	77.23439	1104600
2017-03-23	79.58000200000001	80.260002	79.040001	79.809998	77.418686	635400
2017-03-24	79.83000200000001	80.160004	78.849998	79.18	76.807579	981000
2017-03-27	78.370003	79.010002	77.260002	78.559998	76.20614599999999	1652700
2017-03-28	78.629997	80.059998	78.190002	79.690002	77.302299	1652500
2017-03-29	79.389999	79.879997	79.290001	79.82	77.428391	1496300
2017-03-30	79.639999	80.91999799999999	79.58000200000001	80.900002	78.476036	1220700
2017-03-31	80.599998	81.58000200000001	80.540001	81.32	78.883453	1961800
2017-04-03	81.57	81.900002	80.480003	81.220001	78.78645300000001	2463600
2017-04-04	81.139999	81.529999	80.660004	81.480003	79.038658	1286000
2017-04-05	81.66999799999999	83.120003	81.589996	81.870003	79.416969	2562200
2017-04-06	81.949997	83.400002	81.739998	82.66999799999999	80.193016	1759600
2017-04-07	82.489998	83.099998	82.360001	82.620003	80.144501	1723400
2017-04-10	82.610001	83.730003	82.58000200000001	83.25	80.755623	1762200
2017-04-11	83.18	83.989998	82.75	83.650002	81.14364599999999	1817200
2017-04-12	83.58000200000001	83.58000200000001	82.029999	82.290001	79.824394	2258600
2017-04-13	82.029999	83.33000200000001	81.82	81.860001	79.40728	2399300
2017-04-17	82.230003	82.389999	81.790001	82.239998	79.775887	1997900
2017-04-18	81.699997	82.209999	81.25	81.93	79.475174	1906300
2017-04-19	82.379997	82.599998	81.529999	81.849998	79.397568	1686700
2017-04-20	82.400002	83.260002	81.940002	82.75	80.270607	1718100
2017-04-21	82.980003	83.389999	82.529999	83.029999	80.542221	1506800
2017-04-24	84.389999	84.959999	83.400002	84.190002	81.667458	1621100
2017-04-25	84.91999799999999	85.949997	84.66999799999999	85.660004	83.093422	2347800
2017-04-26	86.870003	89.059998	86.459999	88.68	86.022926	3153800
2017-04-27	88.709999	89.75	88.5	89.25	86.57584399999999	2074500
2017-04-28	89.370003	89.57	88.410004	88.75	86.090836	1754200
2017-05-01	89.029999	89.029999	87.989998	88.779999	86.119926	1437700
2017-05-02	89.029999	89.410004	88.699997	89.300003	86.624359	1367300
2017-05-03	88.93	89.290001	88.610001	89.099998	86.430336	1468300
2017-05-04	89.410004	89.870003	88.900002	89.82	87.12876899999999	1413700
2017-05-05	90.050003	90.18	89.559998	90.010002	87.31308	1047900
2017-05-08	89.879997	90.150002	89.199997	89.400002	86.721352	1452300
2017-05-09	89.540001	89.870003	89.129997	89.360001	86.682556	1103900
2017-05-10	89.360001	89.529999	87.43	88.519997	85.867714	3058700
2017-05-11	88.440002	88.58000200000001	87.360001	88.43	85.78041800000001	1604100
2017-05-12	88.260002	88.379997	87.849998	88.010002	85.373001	1659700
2017-05-15	88.120003	88.709999	88.010002	88.529999	85.87741899999999	1295900
2017-05-16	88.980003	89.08000200000001	88.370003	88.809998	86.14904	1324500
2017-05-17	88.809998	88.809998	87.5	87.709999	85.08199300000001	1762700
2017-05-18	87.290001	88.800003	86.68	88.16999799999999	85.528191	1555500
2017-05-19	88.860001	89.739998	88.269997	89.239998	86.566147	1422100
2017-05-22	89.809998	89.910004	88.93	89.230003	86.55645799999999	1167600
2017-05-23	89.440002	89.650002	88.68	89.029999	86.362442	1141300
2017-05-24	89.220001	89.66999799999999	88.370003	88.519997	85.867714	2113600
2017-05-25	89.050003	89.470001	88.58000200000001	89.309998	86.63404799999999	988500
2017-05-26	89.08000200000001	89.83000200000001	89.08000200000001	89.349998	86.672852	658000
2017-05-30	89.129997	89.389999	88.540001	89.190002	86.517647	885500
2017-05-31	88.779999	89.75	88.43	89.599998	86.915359	1550400
2017-06-01	89.970001	89.989998	88.91999799999999	89.599998	86.915359	1370500
2017-06-02	89.599998	89.970001	89.309998	89.480003	86.798965	1134000
2017-06-05	89.33000200000001	89.91999799999999	89.089996	89.349998	86.672852	1888800
2017-06-06	88.870003	89.389999	88.089996	88.910004	86.24604000000001	1361500
2017-06-07	89.040001	89.309998	87.66999799999999	88.129997	85.875755	2032800
2017-06-08	88.129997	88.260002	87.720001	87.970001	85.71985600000001	1689300
2017-06-09	88.0	88.370003	87.650002	88.110001	85.85627	1735700
2017-06-12	88.099998	88.32	87.699997	87.839996	85.59317800000001	1647500
2017-06-13	88.129997	89.66999799999999	87.959999	89.66999799999999	87.376373	1822300
2017-06-14	90.059998	90.16999799999999	88.290001	88.690002	86.42144	1728100
2017-06-15	88.0	89.860001	87.93	89.860001	87.56150799999999	1136000
2017-06-16	90.0	92.339996	89.889999	92.339996	89.978073	4128200
2017-06-19	92.639999	93.16999799999999	92.360001	92.589996	90.221672	1953400
2017-06-20	92.08000200000001	92.32	91.129997	91.25	88.91595500000001	1642000
2017-06-21	91.58000200000001	91.779999	90.33000200000001	90.480003	88.165657	1972400
2017-06-22	90.550003	90.980003	90.389999	90.720001	88.399513	1280700
2017-06-23	90.730003	91.410004	90.33000200000001	91.08000200000001	88.75030500000001	1825300
2017-06-26	91.360001	91.849998	90.879997	90.93	88.604141	2307300
2017-06-27	90.889999	91.160004	90.190002	90.510002	88.194885	1587800
2017-06-28	91.019997	91.83000200000001	90.839996	91.629997	89.286232	1344900
2017-06-29	91.650002	91.790001	89.739998	90.370003	88.058464	1528200
2017-06-30	90.68	91.889999	90.510002	91.389999	89.052376	1170700
2017-07-03	91.709999	91.989998	91.410004	91.440002	89.101105	754700
2017-07-05	91.389999	92.260002	91.32	92.160004	89.802681	1101700
2017-07-06	91.959999	92.540001	91.730003	92.120003	89.76371	1696200
2017-07-07	92.16999799999999	93.519997	91.480003	93.25	90.86479200000001	1853900
2017-07-10	93.260002	94.389999	93.16999799999999	93.730003	91.332535	1301600
2017-07-11	93.529999	93.690002	92.519997	92.910004	90.533501	1345200
2017-07-12	93.610001	94.360001	93.43	93.510002	91.118149	1235500
2017-07-13	93.540001	93.800003	92.370003	92.849998	90.475037	1199300
2017-07-14	92.809998	92.959999	91.91999799999999	92.83000200000001	90.45554399999999	1273400
2017-07-17	92.690002	93.260002	91.550003	93.07	90.68940699999999	1435700
2017-07-18	92.730003	93.029999	92.029999	92.459999	90.095001	1210200
2017-07-19	92.75	93.279999	92.209999	93.199997	90.816078	1251900
2017-07-20	93.16999799999999	93.209999	91.709999	92.18	89.822174	1394500
2017-07-21	91.730003	92.18	91.199997	91.66999799999999	89.325211	1199000
2017-07-24	91.470001	91.599998	90.83000200000001	91.050003	88.72107700000001	1465900
2017-07-25	91.839996	91.839996	90.470001	90.470001	88.155907	1588700
2017-07-26	89.41999799999999	89.41999799999999	85.790001	86.940002	84.716202	4795700
2017-07-27	86.959999	88.199997	86.91999799999999	87.779999	85.534706	2199200
2017-07-28	87.610001	88.760002	87.050003	88.540001	86.275269	1608800
2017-07-31	88.800003	89.389999	87.75	87.879997	85.632149	1438400
2017-08-01	88.08000200000001	88.459999	86.120003	86.489998	84.27771	2267400
2017-08-02	86.050003	87.260002	86.050003	87.150002	84.920822	2451800
2017-08-03	87.279999	87.57	86.16999799999999	86.730003	84.511574	1988300
2017-08-04	87.089996	88.510002	86.839996	88.18	85.924492	1542600
2017-08-07	88.110001	88.260002	87.510002	88.099998	85.846535	1344600
2017-08-08	88.029999	88.120003	87.32	87.5	85.261864	1147500
2017-08-09	87.290001	87.599998	86.879997	87.260002	85.028015	879800
2017-08-10	86.660004	87.07	84.910004	84.980003	82.80632800000001	2449900
2017-08-11	84.769997	85.540001	84.610001	85.089996	82.913513	2023500
2017-08-14	85.779999	86.309998	85.720001	85.910004	83.712547	1158100
2017-08-15	85.91999799999999	86.709999	85.889999	86.199997	83.995125	1326700
2017-08-16	86.440002	86.870003	86.239998	86.739998	84.521309	1411900
2017-08-17	86.33000200000001	86.809998	85.370003	85.459999	83.274055	1549900
2017-08-18	85.459999	86.199997	84.889999	85.18	83.001213	1333900
2017-08-21	85.089996	85.339996	84.760002	85.129997	82.952492	830500
2017-08-22	85.190002	86.339996	85.190002	86.120003	83.917183	652200
2017-08-23	85.68	86.07	84.33000200000001	84.400002	82.24116500000001	1509900
2017-08-24	84.589996	84.790001	83.610001	83.769997	81.627289	1551100
2017-08-25	84.279999	85.129997	84.279999	84.629997	82.46528599999999	1171900
2017-08-28	85.0	85.0	83.690002	83.860001	81.714973	1410600
2017-08-29	83.400002	84.32	83.07	84.279999	82.124237	1551500
2017-08-30	84.040001	85.82	83.790001	85.529999	83.342262	1521400
2017-08-31	85.879997	85.980003	84.629997	85.389999	83.205849	2176000
2017-09-01	85.900002	86.110001	85.050003	85.08000200000001	82.903778	1205700
2017-09-05	84.940002	85.459999	84.589996	84.779999	82.61144300000001	1571000
2017-09-06	85.339996	85.75	83.940002	84.389999	82.231422	1706500
2017-09-07	84.120003	85.120003	83.300003	85.059998	83.328621	1724100
2017-09-08	84.790001	88.620003	84.57	87.459999	85.679771	2980900
2017-09-11	88.08000200000001	88.529999	87.370003	88.519997	86.71818499999999	1977000
2017-09-12	89.010002	90.459999	88.980003	90.010002	88.177872	1933200
2017-09-13	89.610001	90.800003	89.410004	90.370003	88.530548	1494300
2017-09-14	90.089996	90.300003	89.099998	90.019997	88.18766	1830100
2017-09-15	89.540001	89.900002	88.959999	89.440002	87.619484	2449000
2017-09-18	89.730003	90.58000200000001	89.599998	90.510002	88.667694	1463700
2017-09-19	90.559998	91.5	90.379997	90.459999	88.618713	1914800
2017-09-20	89.099998	89.620003	88.519997	89.300003	87.482323	1583800
2017-09-21	89.309998	89.660004	89.120003	89.239998	87.423553	1289300
2017-09-22	89.099998	89.459999	88.389999	88.91999799999999	87.110062	1617700
2017-09-25	89.010002	89.300003	87.870003	88.849998	87.041489	1719700
2017-09-26	88.849998	89.160004	88.370003	88.75	86.94351999999999	1366300
2017-09-27	89.269997	89.349998	87.809998	88.050003	86.257767	1631600
2017-09-28	87.910004	88.300003	87.360001	88.18	86.385124	1240000
2017-09-29	88.16999799999999	89.470001	88.08000200000001	89.16999799999999	87.354965	1764400
2017-10-02	89.370003	90.0	88.879997	89.959999	88.12889100000001	1678900
2017-10-03	89.949997	90.139999	89.410004	90.139999	88.305229	1168400
2017-10-04	89.889999	91.129997	89.889999	90.459999	88.618713	1530500
2017-10-05	90.709999	91.199997	90.400002	90.889999	89.039963	1432700
2017-10-06	91.099998	92.769997	90.910004	92.050003	90.176346	2153900
2017-10-09	92.0	92.760002	91.839996	92.059998	90.18615	1254700
2017-10-10	92.370003	92.370003	90.889999	91.379997	89.519989	969300
2017-10-11	91.449997	91.519997	91.029999	91.43	89.56897	1215300
2017-10-12	91.300003	92.0	91.099998	91.379997	89.519989	1499900
2017-10-13	91.860001	92.239998	91.220001	91.32	89.461205	777400
2017-10-16	91.620003	91.620003	90.900002	91.300003	89.44162	1134300
2017-10-17	90.629997	91.199997	90.209999	91.099998	89.245689	1705000
2017-10-18	91.220001	91.449997	90.739998	91.220001	89.36324300000001	1127200
2017-10-19	90.889999	91.120003	90.339996	91.08000200000001	89.226097	1669100
2017-10-20	91.690002	93.519997	91.550003	93.510002	91.606628	1542700
2017-10-23	93.41999799999999	95.33000200000001	93.209999	93.760002	91.85154	2084400
2017-10-24	94.379997	96.230003	93.940002	95.610001	93.663887	2519200
2017-10-25	90.58000200000001	93.5	89.220001	91.32	89.461205	4833900
2017-10-26	92.050003	92.489998	90.599998	90.660004	88.814636	2145300
2017-10-27	89.589996	91.269997	89.339996	91.150002	89.294662	2440200
2017-10-30	90.879997	91.120003	88.870003	88.879997	87.07086899999999	1899100
2017-10-31	88.709999	89.199997	87.989998	88.599998	86.79656999999999	2988100
2017-11-01	89.25	89.379997	87.33000200000001	87.529999	85.748352	1709400
2017-11-02	87.550003	88.110001	86.029999	87.599998	85.816925	2524400
2017-11-03	87.199997	87.699997	85.809998	86.25	84.49440799999999	2991300
2017-11-06	86.32	87.25	85.75	86.150002	84.396439	1595300
2017-11-07	86.410004	86.480003	85.160004	85.559998	83.818451	1506800
2017-11-08	85.629997	85.910004	84.620003	85.68	83.93600500000001	1482200
2017-11-09	85.019997	85.199997	83.809998	84.410004	82.691864	1567200
2017-11-10	83.949997	85.129997	83.769997	84.959999	83.23066700000001	1386100
2017-11-13	84.480003	85.269997	84.379997	84.760002	83.03473699999999	1681400
2017-11-14	84.550003	85.269997	84.449997	84.699997	82.975952	1755800
2017-11-15	84.040001	84.16999799999999	83.300003	83.360001	81.66323100000001	1542900
2017-11-16	83.900002	85.43	83.870003	85.260002	83.524559	1747000
2017-11-17	84.629997	85.309998	84.150002	85.120003	83.387413	1329500
2017-11-20	85.360001	85.980003	84.66999799999999	84.730003	83.005356	1588000
2017-11-21	85.120003	85.480003	84.459999	85.279999	83.544151	1768700
2017-11-22	85.349998	85.449997	84.5	84.589996	82.868195	1181000
2017-11-24	84.879997	84.949997	83.959999	84.230003	82.515526	690500
2017-11-27	84.230003	85.0	84.18	84.730003	83.005356	1263900
2017-11-28	84.970001	87.07	84.470001	86.650002	84.886269	2416000
2017-11-29	87.110001	87.190002	85.690002	86.07	84.318062	1826400
2017-11-30	86.339996	88.220001	86.230003	87.620003	85.836517	2395300
2017-12-01	87.449997	87.949997	84.870003	86.209999	84.455223	1756800
2017-12-04	87.0	87.260002	85.110001	85.120003	83.387413	2395200
2017-12-05	85.269997	85.550003	84.349998	84.58000200000001	82.858406	2005700
2017-12-06	84.300003	86.599998	83.709999	86.260002	84.504204	2442000
2017-12-07	86.029999	87.220001	85.589996	86.300003	84.98674799999999	1463300
2017-12-08	88.33000200000001	89.040001	87.07	87.610001	86.27681700000001	2178800
2017-12-11	87.550003	88.449997	87.550003	87.82	86.483612	2348700
2017-12-12	88.089996	88.110001	86.32	86.379997	85.065529	1599100
2017-12-13	86.449997	87.480003	85.699997	87.129997	85.804115	1992300
2017-12-14	87.510002	87.889999	86.010002	86.029999	84.720848	1192700
2017-12-15	86.879997	87.400002	86.25	86.75	85.429901	2851100
2017-12-18	87.040001	87.839996	86.57	86.639999	85.32157099999999	1491700
2017-12-19	87.0	87.279999	86.290001	86.739998	85.420052	1166100
2017-12-20	87.339996	87.800003	86.720001	87.209999	85.882896	1088400
2017-12-21	87.66999799999999	90.699997	87.410004	90.379997	89.004654	3225800
2017-12-22	90.58000200000001	90.639999	89.129997	89.769997	88.40394599999999	1303800
2017-12-26	89.839996	89.839996	89.010002	89.209999	87.852463	524600
2017-12-27	89.449997	89.470001	88.989998	89.110001	87.75399	762200
2017-12-28	89.440002	89.440002	88.5	89.230003	87.872162	658500
2017-12-29	89.58000200000001	90.16999799999999	89.190002	89.190002	87.832771	941500
2018-01-02	89.730003	89.949997	87.800003	88.75	87.39945999999999	1899500
2018-01-03	88.66999799999999	90.059998	88.459999	89.949997	88.5812	1285400
2018-01-04	90.07	91.269997	89.910004	90.389999	89.014511	1292000
2018-01-05	90.660004	90.860001	89.339996	89.709999	88.34485600000001	1396500
2018-01-08	90.040001	90.93	89.860001	90.41999799999999	89.04405200000001	1976600
2018-01-09	90.730003	91.309998	90.43	90.889999	89.506897	1779200
2018-01-10	90.870003	91.099998	90.099998	90.980003	89.595535	1495300
2018-01-11	91.0	92.790001	90.769997	91.989998	90.590164	1897800
2018-01-12	92.370003	92.370003	90.68	91.099998	89.713707	1744100
2018-01-16	91.879997	91.93	89.980003	90.260002	88.88649000000001	1451500
2018-01-17	90.470001	90.720001	89.739998	90.18	88.807701	1165800
2018-01-18	89.910004	91.120003	89.550003	90.33000200000001	88.955421	1237600
2018-01-19	90.800003	91.050003	90.120003	90.93	89.546288	1143200
2018-01-22	90.720001	90.83000200000001	89.269997	89.839996	88.47287	1197200
2018-01-23	91.279999	91.849998	90.33000200000001	91.769997	90.37350500000001	1643800
2018-01-24	92.190002	93.339996	91.690002	91.980003	90.580315	1744700
2018-01-25	92.650002	92.650002	90.870003	91.57	90.176552	1071300
2018-01-26	91.989998	93.860001	91.5	93.82	92.39231099999999	1619400
2018-01-29	93.629997	95.160004	93.589996	93.870003	92.441551	2072000
2018-01-30	93.410004	93.940002	91.779999	92.529999	91.121941	2512500
2018-01-31	93.370003	94.779999	91.309998	94.629997	93.189987	4407500
2018-02-01	94.349998	97.66999799999999	94.25	96.599998	95.13000500000001	3634000
2018-02-02	95.970001	96.470001	95.08000200000001	95.239998	93.79070300000001	2601300
2018-02-05	94.540001	95.279999	90.349998	90.529999	89.152374	3789300
2018-02-06	88.709999	92.290001	87.83000200000001	91.75	90.353813	3032600
2018-02-07	91.730003	93.610001	91.150002	91.190002	89.80233	2109800
2018-02-08	91.129997	91.279999	87.540001	87.599998	86.26696	2111500
2018-02-09	88.709999	89.879997	85.75	89.160004	87.80323	2351700
2018-02-12	89.879997	91.730003	89.66999799999999	90.910004	89.526604	1484900
2018-02-13	90.050003	90.910004	89.629997	90.260002	88.88649000000001	1172200
2018-02-14	89.690002	90.730003	89.33000200000001	90.389999	89.014511	1852200
2018-02-15	91.260002	92.360001	89.870003	92.010002	90.60985600000001	1579900
2018-02-16	91.730003	93.239998	90.790001	91.029999	89.64475999999999	1961200
2018-02-20	90.489998	91.199997	89.699997	90.040001	88.669838	1649200
2018-02-21	90.199997	91.25	89.300003	90.010002	88.640289	2985200
2018-02-22	90.589996	91.599998	90.099998	90.309998	88.935715	1295100
2018-02-23	90.980003	91.139999	89.57	90.150002	88.778152	1553500
2018-02-26	90.290001	90.980003	89.209999	90.650002	89.270554	2160700
2018-02-27	90.730003	91.769997	90.08000200000001	90.08000200000001	88.70922900000001	1546100
2018-02-28	90.540001	91.389999	88.790001	88.800003	87.448708	1816700
2018-03-01	88.980003	89.050003	85.809998	85.870003	84.563293	2665500
2018-03-02	85.099998	86.57	84.050003	86.290001	84.97689799999999	2858200
2018-03-05	85.82	86.629997	85.040001	86.220001	84.907967	3552200
2018-03-06	86.769997	87.900002	85.949997	86.989998	85.66624499999999	1970600
2018-03-07	85.779999	87.5	85.769997	87.230003	85.902596	1992300
2018-03-08	87.199997	87.650002	86.58000200000001	87.480003	86.59552	1952000
2018-03-09	88.260002	89.639999	87.870003	89.629997	88.723778	2018000
2018-03-12	89.650002	89.959999	87.900002	88.08000200000001	87.189453	1375100
2018-03-13	88.529999	89.349998	87.809998	88.239998	87.347832	1407600
2018-03-14	88.870003	89.190002	87.800003	88.32	87.427025	1406800
2018-03-15	88.5	90.32	88.120003	90.220001	89.307816	2351700
2018-03-16	90.150002	90.199997	88.959999	89.480003	88.57530200000001	2321100
2018-03-19	89.279999	89.400002	87.629997	88.519997	87.624992	944800
2018-03-20	88.790001	90.019997	88.639999	88.959999	88.06055500000001	1125400
2018-03-21	89.150002	90.089996	88.849998	88.989998	88.09024000000001	1359800
2018-03-22	87.989998	87.989998	85.849998	86.08000200000001	85.20967900000001	1275000
2018-03-23	86.360001	86.360001	83.610001	83.860001	83.01211500000001	1559000
2018-03-26	85.050003	86.279999	84.339996	86.16999799999999	85.29875899999999	1522600
2018-03-27	86.58000200000001	86.82	84.550003	85.0	84.140594	1285200
2018-03-28	85.099998	85.650002	83.599998	83.949997	83.10120400000001	1406400
2018-03-29	84.470001	86.269997	84.470001	85.510002	84.645439	995500
2018-04-02	85.150002	85.68	81.93	83.150002	82.309296	1516700
2018-04-03	83.5	84.519997	82.809998	84.480003	83.625847	1138200
2018-04-04	82.389999	85.190002	82.139999	85.040001	84.18019100000001	1396300
2018-04-05	86.43	86.5	85.309998	85.870003	85.001801	1498700
2018-04-06	84.870003	85.440002	82.239998	83.190002	82.348892	1849000
2018-04-09	83.690002	84.120003	82.599998	82.760002	81.923241	1601200
2018-04-10	83.720001	85.099998	83.459999	84.41999799999999	83.566452	1083800
2018-04-11	83.610001	84.010002	83.199997	83.589996	82.744843	741900
2018-04-12	84.08000200000001	84.760002	84.059998	84.300003	83.447678	998400
2018-04-13	84.940002	85.300003	83.699997	84.129997	83.279381	941000
2018-04-16	84.959999	85.230003	84.309998	84.989998	84.130684	1021200
2018-04-17	85.5	86.400002	85.370003	86.059998	85.18987299999999	1415700
2018-04-18	86.610001	87.150002	86.239998	86.360001	85.486847	1015700
2018-04-19	86.339996	86.43	83.599998	84.489998	83.63575	2354300
2018-04-20	84.220001	84.639999	82.639999	83.559998	82.715149	2965800
2018-04-23	83.610001	84.459999	83.150002	83.260002	82.41819	1948300
2018-04-24	83.629997	84.25	79.629997	80.389999	79.577202	3872700
2018-04-25	84.260002	85.400002	82.139999	85.160004	84.29898100000001	4278700
2018-04-26	85.32	85.639999	83.260002	85.010002	84.15049	3894500
2018-04-27	84.82	86.25	84.010002	86.110001	85.239365	2334200
2018-04-30	86.16999799999999	86.5	83.660004	83.889999	83.041809	2382200
2018-05-01	83.559998	86.010002	83.510002	85.93	85.061188	2821600
2018-05-02	85.93	86.5	85.089996	85.220001	84.358368	2355200
2018-05-03	85.0	86.32	84.089996	85.970001	85.10078399999999	2318700
2018-05-04	85.360001	87.269997	85.050003	86.66999799999999	85.79370899999999	1360200
2018-05-07	87.0	87.760002	86.769997	87.389999	86.506424	1816500
2018-05-08	87.25	88.379997	87.019997	88.08000200000001	87.189453	1661200
2018-05-09	88.379997	88.83000200000001	87.949997	88.559998	87.664589	1743400
2018-05-10	88.800003	89.550003	88.510002	88.730003	87.832886	1339600
2018-05-11	88.879997	89.510002	88.25	88.82	87.92196700000001	1319500
2018-05-14	89.010002	89.790001	88.970001	89.160004	88.258537	1133300
2018-05-15	88.870003	89.410004	88.559998	88.879997	87.98136099999999	1403100
2018-05-16	88.940002	89.620003	88.360001	88.5	87.605202	1506900
2018-05-17	88.610001	90.470001	88.610001	89.970001	89.060349	1697800
2018-05-18	89.900002	90.199997	89.699997	89.910004	89.00095400000001	1454100
2018-05-21	90.739998	92.040001	90.699997	91.589996	90.663956	1416700
2018-05-22	91.730003	92.07	90.860001	90.889999	89.971039	1172500
2018-05-23	90.309998	90.410004	89.68	90.260002	89.347412	1400400
2018-05-24	90.239998	91.129997	89.91999799999999	90.07	89.159325	1770600
2018-05-25	89.709999	90.410004	89.459999	89.809998	88.901962	1048100
2018-05-29	89.059998	89.910004	88.099998	88.839996	87.941765	1346000
2018-05-30	89.519997	90.089996	89.160004	89.660004	88.753479	1409000
2018-05-31	89.83000200000001	89.870003	87.339996	87.540001	86.654907	1989800
2018-06-01	88.41999799999999	89.010002	87.910004	88.269997	87.377525	994700
2018-06-04	88.949997	89.470001	87.91999799999999	88.08000200000001	87.189453	818600
2018-06-05	88.18	88.629997	87.769997	88.410004	87.516121	1120900
2018-06-06	88.5	90.309998	88.150002	90.139999	89.228622	1793200
2018-06-07	89.970001	90.730003	89.459999	90.599998	90.133942	1108900
2018-06-08	90.650002	90.82	90.190002	90.690002	90.22348000000001	789100
2018-06-11	91.550003	93.410004	91.110001	93.029999	92.551445	1932900
2018-06-12	93.07	93.260002	91.599998	92.43	91.95452900000001	1922500
2018-06-13	92.339996	92.339996	91.019997	91.150002	90.68111400000001	1737400
2018-06-14	91.5	92.529999	91.139999	91.910004	91.43721	1251000
2018-06-15	91.410004	92.66999799999999	90.400002	92.139999	91.666023	2520500
2018-06-18	91.410004	92.059998	90.769997	92.019997	91.546638	826700
2018-06-19	91.230003	91.790001	89.91999799999999	91.019997	90.551781	1215200
2018-06-20	91.410004	91.639999	90.5	90.900002	90.432404	794300
2018-06-21	90.599998	90.66999799999999	89.550003	89.870003	89.4077	2064500
2018-06-22	90.599998	91.199997	90.260002	90.760002	90.293121	1383200
2018-06-25	90.160004	90.16999799999999	88.970001	89.790001	89.32811	1097100
2018-06-26	90.16999799999999	90.449997	88.970001	89.07	88.611816	1725600
2018-06-27	89.900002	91.25	88.860001	88.889999	88.432739	1590800
2018-06-28	88.889999	90.040001	87.940002	88.980003	88.522278	1356900
2018-06-29	89.540001	90.660004	89.160004	89.730003	89.268425	1598800
2018-07-02	89.129997	89.449997	88.260002	89.43	88.969963	1305200
2018-07-03	89.83000200000001	90.809998	89.57	89.940002	89.47734100000001	1014200
2018-07-05	90.599998	91.07	89.879997	90.459999	89.994659	1472900
2018-07-06	90.209999	90.400002	89.349998	89.870003	89.4077	1469500
2018-07-09	90.400002	92.25	90.400002	91.709999	91.238235	1391700
2018-07-10	91.709999	92.370003	91.18	91.449997	90.979568	768900
2018-07-11	90.550003	90.550003	89.220001	89.279999	88.82073199999999	1139200
2018-07-12	90.129997	90.41999799999999	89.120003	89.879997	89.417641	1045800
2018-07-13	89.690002	91.18	89.629997	91.050003	90.58163499999999	788900
2018-07-16	90.940002	91.18	89.690002	89.959999	89.497231	1030300
2018-07-17	89.970001	91.139999	89.629997	90.889999	90.42244699999999	962800
2018-07-18	91.209999	91.620003	90.900002	91.260002	90.79055	993100
2018-07-19	90.720001	92.099998	90.57	91.800003	91.327774	911500
2018-07-20	91.260002	92.019997	90.66999799999999	91.800003	91.327774	1458900
2018-07-23	91.120003	91.459999	89.900002	90.150002	89.686256	1420900
2018-07-24	91.050003	91.83000200000001	89.779999	91.08000200000001	90.611473	1722300
2018-07-25	92.589996	96.260002	92.550003	96.120003	95.62554899999999	3768800
2018-07-26	96.309998	98.809998	96.190002	97.730003	97.227272	2763400
2018-07-27	98.0	98.489998	97.25	97.720001	97.217316	1309500
2018-07-30	97.889999	99.0	97.089996	97.220001	96.719887	1783000
2018-07-31	98.0	98.93	97.599998	98.510002	98.003258	1598300
2018-08-01	98.379997	98.699997	96.980003	97.41999799999999	96.91886099999999	1073900
2018-08-02	96.730003	97.260002	95.989998	96.620003	96.122978	1226300
2018-08-03	96.91999799999999	97.260002	96.0	96.949997	96.45127099999999	1345600
2018-08-06	97.339996	97.589996	96.660004	97.120003	96.620407	864800
2018-08-07	97.389999	97.889999	96.900002	97.550003	97.04819499999999	1019500
2018-08-08	97.529999	98.199997	97.019997	97.610001	97.10788000000001	978800
2018-08-09	97.190002	97.769997	95.970001	96.510002	96.013542	2062200
2018-08-10	96.43	96.709999	95.739998	96.25	95.754875	939600
2018-08-13	96.489998	96.809998	95.66999799999999	96.040001	95.545959	1186900
2018-08-14	96.16999799999999	97.57	96.16999799999999	97.040001	96.540817	1275100
2018-08-15	96.589996	98.199997	95.480003	97.900002	97.396393	2096600
2018-08-16	98.220001	99.389999	97.93	98.839996	98.331551	1644000
2018-08-17	99.07	100.059998	98.690002	99.809998	99.296562	1096600
2018-08-20	100.0	100.470001	99.5	99.83000200000001	99.316467	1294600
2018-08-21	100.5	101.529999	100.050003	100.760002	100.24168399999999	1978900
2018-08-22	100.449997	100.690002	99.059998	99.519997	99.008057	1075600
2018-08-23	99.589996	99.699997	98.82	99.43	98.918518	725100
2018-08-24	99.599998	99.879997	98.800003	99.589996	99.07769	689200
2018-08-27	100.0	101.07	99.900002	100.93	100.41080500000001	1110500
2018-08-28	101.190002	101.760002	100.949997	101.059998	100.540131	1077100
2018-08-29	101.260002	102.239998	100.68	101.75	101.226585	1261900
2018-08-30	101.480003	101.83000200000001	100.879997	101.129997	100.60977199999999	868900
2018-08-31	100.790001	101.860001	100.730003	101.290001	100.768951	1001100
